nome,elo,hard,clay,grass,age,tour
Jannik Sinner,2339.5,2273.1,2241.8,2098.2,24,atp
Carlos Alcaraz,2271.8,2198.3,2211.6,2139.2,22,atp
Alexander Zverev,2078.8,2031.0,2021.3,1894.3,29,atp
Novak Djokovic,2068.8,2026.4,1969.4,1929.7,38,atp
Arthur Fils,2020.6,1949.7,1955.1,1796.4,21,atp
Daniil Medvedev,2007.9,1977.6,1921.9,1883.0,30,atp
Rafael Jodar,1983.2,1865.0,1935.1,1691.6,19,atp
Casper Ruud,1972.8,1883.5,1970.4,1709.6,27,atp
Felix Auger Aliassime,1970.5,1938.5,1857.7,1786.5,25,atp
Lorenzo Musetti,1968.8,1903.5,1952.6,1850.4,24,atp
Alex De Minaur,1967.9,1939.0,1859.3,1819.9,27,atp
Ben Shelton,1953.1,1918.0,1858.8,1792.2,23,atp
Jiri Lehecka,1946.9,1894.8,1848.0,1805.9,24,atp
Alexander Bublik,1920.1,1852.1,1857.5,1829.1,28,atp
Tommy Paul,1918.1,1866.0,1856.5,1756.4,28,atp
Learner Tien,1913.3,1890.4,1685.1,1698.9,20,atp
Jakub Mensik,1912.5,1883.4,1789.4,1717.5,20,atp
Joao Fonseca,1910.0,1905.0,1808.1,1696.2,19,atp
Francisco Cerundolo,1908.9,1869.0,1872.1,1676.7,27,atp
Jack Draper,1907.8,1875.2,1789.4,1741.3,24,atp
Andrey Rublev,1904.6,1849.7,1868.1,1801.8,28,atp
Valentin Vacherot,1901.6,1851.7,1786.7,1604.7,27,atp
Raphael Collignon,1900.1,1840.1,1814.1,1647.5,24,atp
Alexander Blockx,1899.0,1789.8,1863.6,1694.5,21,atp
Flavio Cobolli,1880.0,1801.5,1847.5,1752.2,23,atp
Alejandro Davidovich Fokina,1879.7,1835.6,1812.8,1717.6,26,atp
Frances Tiafoe,1876.6,1840.7,1802.1,1739.1,28,atp
Taylor Fritz,1875.4,1819.2,1767.7,1809.3,28,atp
Dino Prizmic,1869.1,1747.3,1828.3,1630.7,20,atp
Tomas Machac,1862.2,1827.4,1777.2,1704.0,25,atp
Cameron Norrie,1861.5,1805.4,1823.3,1751.5,30,atp
Ugo Humbert,1851.7,1835.3,1721.5,1711.9,27,atp
Stefanos Tsitsipas,1850.6,1811.3,1866.8,1699.3,27,atp
Karen Khachanov,1849.3,1793.5,1808.8,1752.8,29,atp
Tomas Martin Etcheverry,1849.2,1784.3,1795.3,1604.0,26,atp
Alejandro Tabilo,1842.3,1761.4,1793.4,1719.6,28,atp
Hamad Medjedovic,1840.5,1744.2,1814.1,1653.0,22,atp
Luciano Darderi,1839.1,1680.6,1846.4,1620.7,24,atp
Tallon Griekspoor,1823.2,1793.5,1748.6,1768.7,29,atp
Gael Monfils,1815.2,1789.4,1699.0,1657.7,39,atp
Marin Cilic,1811.0,1766.8,1718.6,1776.3,37,atp
Eliot Spizzirri,1810.3,1772.1,1596.1,1637.2,24,atp
Sebastian Korda,1808.6,1765.0,1669.9,1679.0,25,atp
Hubert Hurkacz,1808.0,1731.4,1769.6,1720.9,29,atp
Yibing Wu,1806.1,1772.4,1698.1,1589.6,26,atp
Matteo Berrettini,1806.0,1784.7,1755.9,1726.3,30,atp
Brandon Nakashima,1802.8,1769.7,1706.3,1723.8,24,atp
Alex Michelsen,1801.7,1798.5,1630.9,1698.5,21,atp
Arthur Rinderknech,1800.8,1758.0,1707.7,1680.6,30,atp
Mariano Navone,1796.7,1680.1,1776.5,1563.1,25,atp
Corentin Moutet,1796.3,1752.6,1730.4,1714.4,27,atp
Denis Shapovalov,1795.4,1787.1,1698.1,1643.2,27,atp
Ethan Quinn,1795.0,1762.7,1704.7,1645.6,22,atp
Jaume Munar,1794.1,1757.1,1718.7,1631.9,28,atp
Arthur Cazaux,1792.9,1737.6,1702.8,1658.7,23,atp
Yannick Hanfmann,1787.7,1724.1,1751.6,1646.1,34,atp
Zizou Bergs,1784.9,1745.4,1692.0,1655.8,26,atp
Holger Rune,1781.9,1749.5,1753.7,1640.9,22,atp
Fabian Marozsan,1780.2,1744.6,1721.9,1591.3,26,atp
Miomir Kecmanovic,1778.7,1714.1,1739.9,1651.1,26,atp
Marcos Giron,1773.3,1731.9,1650.1,1703.5,32,atp
Pablo Carreno Busta,1773.0,1730.3,1739.2,1584.2,34,atp
Jordan Thompson,1772.4,1732.6,1604.6,1708.7,31,atp
Reilly Opelka,1767.1,1742.9,1668.4,1643.7,28,atp
Roman Safiullin,1766.2,1711.8,1755.0,1618.3,28,atp
Marton Fucsovics,1765.1,1723.8,1696.0,1714.3,34,atp
Matteo Arnaldi,1763.2,1699.0,1756.4,1582.9,25,atp
Kamil Majchrzak,1762.1,1719.9,1716.2,1666.7,30,atp
Adolfo Daniel Vallejo,1760.5,1530.0,1724.0,1630.2,22,atp
Soon Woo Kwon,1758.6,1722.7,1632.4,1603.3,28,atp
Botic Van De Zandschulp,1758.0,1718.0,1702.4,1599.9,30,atp
Alexei Popyrin,1757.9,1688.8,1744.6,1623.1,26,atp
Pablo Llamas Ruiz,1756.4,1630.2,1736.8,1569.4,23,atp
Grigor Dimitrov,1756.1,1742.0,1660.6,1652.3,34,atp
Alex Molcan,1748.4,1655.6,1719.0,1618.9,28,atp
Juan Manuel Cerundolo,1747.9,1636.3,1726.9,1491.3,24,atp
Sebastian Baez,1746.6,1702.5,1706.7,1539.8,25,atp
Juncheng Shang,1745.8,1698.4,1640.2,1650.8,21,atp
Vit Kopriva,1745.7,1673.2,1718.4,1606.4,28,atp
Daniel Merida Aguilar,1745.0,1676.2,1683.8,1572.5,21,atp
Camilo Ugo Carabelli,1744.3,1634.1,1731.5,1488.8,26,atp
Martin Landaluce,1741.6,1692.3,1643.3,1669.1,20,atp
Lorenzo Sonego,1740.9,1712.3,1653.0,1661.4,30,atp
Thiago Agustin Tirante,1739.8,1635.6,1713.1,1558.4,25,atp
Terence Atmane,1737.9,1690.7,1660.8,1558.8,24,atp
Benjamin Bonzi,1732.5,1704.7,1614.5,1635.4,29,atp
Giovanni Mpetshi Perricard,1731.9,1668.9,1678.9,1648.3,22,atp
Ignacio Buse,1731.9,1616.6,1698.5,1539.4,22,atp
Gabriel Diallo,1731.2,1685.9,1653.9,1670.8,24,atp
Nuno Borges,1728.3,1693.8,1690.7,1598.5,29,atp
Roberto Bautista Agut,1728.0,1682.1,1669.5,1698.0,38,atp
Roman Andres Burruchaga,1724.7,1551.5,1704.0,1578.0,24,atp
Laslo Djere,1723.6,1626.3,1745.9,1584.4,30,atp
Zachary Svajda,1723.5,1692.7,1532.9,1703.9,23,atp
Sebastian Ofner,1718.6,1657.5,1683.3,1637.9,29,atp
Titouan Droguet,1717.2,1650.1,1690.0,1601.8,24,atp
Leandro Riedi,1714.3,1685.9,1598.0,1654.9,24,atp
Kei Nishikori,1714.0,1680.3,1609.5,1591.1,36,atp
Jenson Brooksby,1713.3,1691.7,1624.1,1664.1,25,atp
Zsombor Piros,1712.5,1655.0,1676.4,1578.2,26,atp
Quentin Halys,1706.8,1676.9,1652.0,1634.8,29,atp
Nishesh Basavareddy,1706.2,1672.9,1607.9,1536.5,21,atp
Mattia Bellucci,1699.6,1667.5,1609.1,1624.0,24,atp
Emilio Nava,1699.1,1618.6,1666.8,1573.3,24,atp
Alexander Shevchenko,1697.6,1656.8,1641.1,1491.6,25,atp
Martin Damm,1696.6,1652.3,1548.5,1656.4,22,atp
Michael Zheng,1695.6,1671.7,1450.9,1528.4,22,atp
Nikoloz Basilashvili,1691.4,1618.3,1655.3,1633.3,34,atp
Yoshihito Nishioka,1688.7,1659.2,1618.3,1539.9,30,atp
Andrea Vavassori,1688.1,1655.0,1642.3,1538.1,30,atp
Jan Lennard Struff,1687.8,1631.0,1658.9,1617.2,36,atp
Stan Wawrinka,1687.2,1668.4,1623.8,1594.4,41,atp
Daniel Altmaier,1687.2,1628.2,1667.0,1536.3,27,atp
Alexandre Muller,1685.9,1641.0,1653.0,1527.1,29,atp
Otto Virtanen,1685.3,1663.9,1532.4,1680.2,24,atp
Jason Kubler,1684.5,1635.3,1615.7,1679.3,32,atp
Cristian Garin,1684.4,1580.8,1681.8,1626.0,29,atp
Rinky Hijikata,1683.0,1661.4,1517.8,1601.8,25,atp
Borna Gojo,1682.4,1661.9,1640.7,1467.9,28,atp
Lloyd Harris,1681.7,1648.7,1575.5,1637.8,29,atp
Jaime Faria,1680.9,1588.0,1648.6,1602.4,22,atp
Toby Samuel,1680.2,1696.1,1525.7,1544.0,23,atp
Luca Van Assche,1676.5,1669.1,1596.9,1543.1,21,atp
Dalibor Svrcina,1676.5,1642.7,1605.6,1507.2,23,atp
Nicolai Budkov Kjaer,1673.5,1624.6,1614.9,1536.5,19,atp
Zhizhen Zhang,1672.9,1637.6,1652.9,1587.4,29,atp
Arthur Fery,1670.8,1659.6,1535.2,1493.9,23,atp
Adam Walton,1670.7,1634.0,1511.6,1504.8,27,atp
Valentin Royer,1667.9,1598.6,1631.8,1609.7,24,atp
David Goffin,1666.6,1626.4,1643.1,1650.1,35,atp
Coleman Wong,1665.6,1624.5,1461.3,1529.2,21,atp
Kyrian Jacquet,1663.6,1652.2,1554.4,1554.6,24,atp
Adrian Mannarino,1656.0,1638.7,1482.6,1651.9,37,atp
Bu Yunchaokete,1653.2,1616.2,1593.3,1468.8,24,atp
Pavel Kotov,1651.9,1628.5,1584.8,1530.0,27,atp
Marco Trungelliti,1651.9,1508.7,1646.8,1493.8,36,atp
Chris Rodesch,1651.5,1638.2,1570.2,1595.5,24,atp
James Duckworth,1651.5,1603.7,1585.0,1572.6,34,atp
Jesper De Jong,1650.6,1576.9,1646.5,1506.3,25,atp
Jan Choinski,1649.5,1553.0,1638.1,1440.7,29,atp
Damir Dzumhur,1649.0,1601.1,1615.1,1537.8,33,atp
Nicolas Jarry,1648.3,1573.5,1641.5,1635.2,30,atp
Francisco Comesana,1647.6,1618.2,1610.2,1536.7,25,atp
Hugo Dellien,1643.2,1488.6,1632.4,1482.4,32,atp
Christopher Oconnell,1641.8,1641.2,1559.0,1525.0,31,atp
Rei Sakamoto,1641.3,1606.3,1548.2,1520.6,19,atp
Dusan Lajovic,1640.9,1569.0,1611.1,1498.0,35,atp
Patrick Kypson,1640.5,1611.2,1554.7,1482.5,26,atp
Andrea Pellegrino,1639.8,1404.9,1622.2,1441.8,29,atp
Gustavo Heide,1638.6,1507.4,1629.2,1488.8,24,atp
Mackenzie Mcdonald,1635.6,1619.2,1495.4,1574.3,31,atp
Jerome Kym,1633.9,1608.9,1576.6,1494.6,23,atp
Tomas Barrios Vera,1631.7,1560.7,1605.2,1584.0,28,atp
Hugo Gaston,1630.5,1632.2,1564.7,1539.5,25,atp
Elmer Moller,1627.8,1493.3,1613.5,1543.0,22,atp
Vilius Gaubas,1626.9,1582.4,1577.5,1552.1,21,atp
Francesco Passaro,1626.2,1578.6,1615.0,1469.5,25,atp
Jacob Fearnley,1625.3,1577.6,1623.9,1581.7,24,atp
Facundo Diaz Acosta,1623.1,1504.4,1623.3,1447.5,25,atp
Liam Broady,1622.5,1593.2,1486.9,1524.2,32,atp
Giulio Zeppieri,1621.9,1589.0,1565.7,1578.9,24,atp
Arthur Gea,1621.4,1621.9,1538.3,1510.7,21,atp
Henrique Rocha,1621.2,1547.1,1603.4,1516.5,22,atp
Aleksandar Vukic,1618.1,1591.2,1512.1,1566.9,30,atp
Michael Mmoh,1617.9,1599.2,1510.6,1525.8,28,atp
Roberto Carballes Baena,1616.5,1584.7,1600.0,1498.0,33,atp
Aleksandar Kovacevic,1613.9,1599.9,1489.1,1482.9,27,atp
Dhakshineswar Suresh,1610.6,1563.4,1415.3,1505.3,25,atp
Daniel Evans,1610.4,1573.1,1527.5,1603.0,35,atp
Carlos Taberner,1610.3,1445.0,1604.7,1433.4,28,atp
Luca Nardi,1607.9,1583.3,1556.8,1440.1,22,atp
Joel Schwaerzler,1606.2,1534.1,1574.0,1503.1,20,atp
Emil Ruusuvuori,1606.1,1576.8,1558.3,1576.4,26,atp
Sho Shimabukuro,1605.0,1572.4,1483.5,1565.6,28,atp
Clement Tabur,1604.2,1571.5,1538.0,1471.6,26,atp
Lukas Klein,1601.1,1535.1,1623.9,1557.2,27,atp
Pedro Martinez,1598.7,1561.5,1578.1,1460.8,29,atp
Yosuke Watanuki,1598.4,1559.4,1576.1,1566.1,27,atp
Mark Lajal,1597.9,1560.8,1494.2,1586.5,22,atp
Harold Mayot,1597.5,1568.2,1568.4,1512.9,24,atp
Alex Bolt,1596.4,1544.9,1425.2,1583.6,33,atp
Jurij Rodionov,1594.1,1562.9,1537.9,1513.6,26,atp
Matteo Gigante,1591.8,1533.6,1598.0,1457.1,23,atp
Pierre Hugues Herbert,1591.1,1568.6,1513.0,1545.5,35,atp
Facundo Bagnis,1590.7,1512.9,1583.8,1363.2,35,atp
Jack Pinnington Jones,1590.0,1563.9,1463.4,1602.4,23,atp
Stefanos Sakellaridis,1587.8,1544.6,1553.3,1543.9,21,atp
Filip Misolic,1587.2,1469.3,1663.9,1531.3,24,atp
Nicolas Moreno De Alboran,1583.8,1561.6,1537.8,1495.2,28,atp
Liam Draxl,1582.8,1557.0,1493.1,1452.1,24,atp
Tristan Boyer,1582.2,1535.7,1553.7,1463.4,25,atp
Jack Kennedy,1580.6,1410.5,1555.7,1490.3,0,atp
Stefano Travaglia,1579.2,1543.4,1540.7,1456.6,34,atp
Gauthier Onclin,1578.9,1557.9,1528.8,1491.1,25,atp
Ilia Simakin,1574.5,1560.5,1384.0,1487.2,22,atp
Hugo Grenier,1573.1,1535.7,1438.1,1470.6,29,atp
Elias Ymer,1569.5,1538.1,1515.1,1518.6,29,atp
Lukas Neumayer,1569.1,1454.3,1559.5,1440.1,23,atp
Darwin Blanch,1568.7,1491.8,1502.1,1484.3,18,atp
Clement Chidekh,1568.4,1550.9,1397.6,1484.2,24,atp
Tom Gentzsch,1568.4,1493.6,1525.6,1484.2,22,atp
Alexis Galarneau,1568.0,1535.9,1448.8,1502.9,27,atp
Stefano Napolitano,1567.9,1482.7,1554.0,1502.8,30,atp
Federico Coria,1566.9,1464.1,1545.5,1385.1,34,atp
Thiago Monteiro,1566.8,1532.2,1554.4,1470.2,31,atp
Alejandro Moro Canas,1563.9,1537.4,1515.1,1505.3,25,atp
Pol Martin Tiffon,1562.8,1545.6,1499.8,1448.6,26,atp
Mikhail Kukushkin,1562.6,1531.2,1523.9,1538.6,38,atp
Francesco Maestrelli,1560.9,1562.3,1485.9,1426.0,23,atp
Tristan Schoolkate,1560.0,1519.9,1448.6,1565.8,25,atp
Rio Noguchi,1559.6,1526.4,1327.4,1434.7,27,atp
Albert Ramos,1557.7,1520.0,1526.1,1424.1,37,atp
Cedrik Marcel Stebe,1556.4,1523.2,1544.9,1463.3,35,atp
Harry Wendelken,1555.8,1562.1,1362.9,1430.6,24,atp
Marco Cecchinato,1555.4,1436.0,1531.3,1428.0,33,atp
Luka Mikrut,1554.3,1421.8,1585.0,1477.2,22,atp
Dominic Stricker,1553.1,1518.7,1500.6,1540.1,23,atp
Kimmer Coppejans,1551.2,1472.9,1525.1,1459.1,32,atp
Andres Andrade,1550.5,1465.7,1517.1,1475.3,27,atp
August Holmgren,1549.1,1508.2,1465.3,1614.8,28,atp
Gianluca Cadenasso,1542.0,1381.0,1521.5,1471.0,21,atp
Trevor Svajda,1541.9,1506.8,1380.9,1470.9,19,atp
Chun Hsin Tseng,1541.8,1488.9,1535.6,1399.1,24,atp
Daniil Glinka,1538.8,1521.6,1479.9,1519.4,25,atp
Gilles Arnaud Bailly,1538.4,1488.2,1507.7,1519.2,20,atp
Fajing Sun,1538.2,1510.4,1300.7,1448.1,29,atp
Dane Sweeny,1537.0,1506.1,1333.7,1412.3,25,atp
Brandon Holt,1536.8,1507.1,1353.7,1507.0,27,atp
Ugo Blanchet,1535.7,1553.3,1443.5,1445.4,27,atp
Timofey Skatov,1534.9,1474.8,1524.2,1479.5,25,atp
Stefan Dostanic,1534.8,1516.2,1435.7,1467.4,24,atp
Ilya Ivashka,1532.7,1502.4,1554.0,1513.8,32,atp
Federico Cina,1532.1,1534.1,1471.7,1466.0,19,atp
Colton Smith,1531.2,1517.8,1435.7,1534.5,23,atp
Li Tu,1528.0,1491.1,1436.3,1536.5,29,atp
Alexander Ritschard,1528.0,1454.4,1557.1,1469.4,31,atp
Buvaysar Gadamauri,1527.6,1448.6,1493.9,1463.8,25,atp
Daniel Elahi Galan,1526.7,1495.4,1490.1,1490.3,29,atp
Rodrigo Pacheco Mendez,1526.5,1486.9,1459.8,1463.2,20,atp
Oliver Tarvet,1526.2,1478.5,1513.1,1594.6,22,atp
Franco Roncadelli,1525.8,1391.8,1506.1,1462.9,26,atp
Petr Brunclik,1524.8,1458.8,1457.5,1462.4,19,atp
Christopher Eubanks,1523.4,1493.0,1414.6,1524.2,29,atp
Vitaliy Sachko,1523.4,1444.9,1491.3,1408.5,28,atp
Nikolas Sanchez Izquierdo,1523.1,1312.4,1500.0,1461.5,27,atp
Lautaro Midon,1522.5,1449.6,1504.3,1461.2,22,atp
Nicolas Mejia,1522.0,1464.4,1515.1,1461.0,26,atp
Juan Carlos Prado Angelo,1518.5,1389.8,1516.2,1459.2,21,atp
Igor Ribeiro Marcondes,1517.1,1429.3,1504.7,1458.5,28,atp
Marc Andrea Huesler,1515.6,1495.3,1494.4,1472.4,29,atp
Gonzalo Bueno,1515.5,1326.4,1505.7,1457.7,22,atp
Andrea Guerrieri,1512.8,1377.4,1475.3,1456.4,27,atp
Calvin Hemery,1512.4,1445.5,1513.4,1408.4,31,atp
Moise Kouame,1511.0,1520.6,1324.3,1455.5,17,atp
Raul Brancaccio,1510.6,1431.0,1494.6,1424.9,28,atp
Zdenek Kolar,1510.2,1433.5,1503.1,1451.7,29,atp
Yu Hsiou Hsu,1509.0,1478.6,1384.5,1355.9,27,atp
James Mccabe,1508.2,1469.4,1317.5,1503.1,22,atp
Arthur Bouquier,1505.4,1482.0,1332.6,1440.2,25,atp
Inaki Montes De La Torre,1503.5,1480.9,1421.7,1451.7,23,atp
Dali Blanch,1503.2,1268.7,1500.7,1451.6,23,atp
Edas Butvilas,1502.9,1494.4,1420.4,1435.4,21,atp
Kilian Feldbausch,1502.8,1344.2,1484.6,1451.4,20,atp
Frederico Ferreira Silva,1502.6,1495.5,1435.8,1473.6,31,atp
Thiago Seyboth Wild,1502.1,1501.1,1486.1,1463.2,26,atp
Manas Dhamne,1501.1,1444.5,1479.4,1500.6,18,atp
Taro Daniel,1499.5,1478.0,1463.8,1447.4,33,atp
Marko Topo,1499.1,1491.2,1441.6,1458.7,22,atp
Pedro Boscardin Dias,1497.7,1281.2,1485.9,1448.9,23,atp
Max Hans Rehberg,1497.1,1483.5,1413.5,1381.5,22,atp
Johannus Monday,1497.1,1469.6,1358.5,1398.7,24,atp
Max Houkes,1496.2,1322.8,1475.7,1414.2,25,atp
Mitchell Krueger,1493.1,1464.8,1451.0,1439.7,32,atp
Bernard Tomic,1491.5,1451.9,1428.2,1520.4,33,atp
Diego Dedura Palomero,1489.0,1320.0,1472.8,1444.5,18,atp
Hyeon Chung,1488.4,1459.1,1525.7,1400.1,29,atp
Shintaro Mochizuki,1487.9,1431.6,1455.4,1571.8,22,atp
Daniel Rincon,1487.4,1496.7,1424.2,1354.0,23,atp
Nerman Fatic,1487.2,1412.7,1471.1,1461.9,31,atp
Remy Bertola,1485.8,1481.1,1380.2,1442.9,27,atp
Antoine Ghibaudo,1484.9,1407.1,1464.7,1504.7,21,atp
Norbert Gombos,1484.8,1458.6,1475.3,1423.9,35,atp
Jay Dylan Hara Friend,1484.6,1462.9,1347.1,1442.3,22,atp
Sumit Nagal,1483.6,1446.3,1481.2,1374.3,28,atp
Henri Squire,1483.1,1445.3,1468.7,1355.0,25,atp
Sergey Fomin,1482.9,1400.3,1493.9,1441.4,25,atp
Mili Poljicak,1481.8,1302.0,1454.6,1405.1,21,atp
Luka Pavlovic,1481.2,1449.2,1442.1,1468.5,26,atp
Joao Lucas Reis Da Silva,1480.3,1356.6,1471.4,1440.2,26,atp
Mees Rottgering,1478.6,1454.4,1444.1,1472.7,18,atp
Matej Dodig,1478.2,1415.4,1452.2,1439.1,20,atp
Felipe Meligeni Alves,1477.4,1421.9,1468.5,1497.2,28,atp
Hamish Stewart,1477.1,1443.3,1348.6,1499.8,26,atp
Kenta Miyoshi,1475.6,1446.7,1347.8,1437.8,21,atp
Mika Brunold,1475.3,1448.0,1418.9,1437.7,21,atp
Duje Ajdukovic,1475.0,1459.4,1457.2,1351.4,25,atp
Genaro Alberto Olivieri,1473.9,1346.1,1453.9,1361.9,27,atp
Yasutaka Uchiyama,1473.5,1441.5,1352.9,1422.7,33,atp
Filippo Romano,1473.3,1490.7,1355.7,1436.6,20,atp
Jozef Kovalik,1472.8,1421.1,1465.6,1374.3,32,atp
Billy Harris,1471.8,1454.5,1357.8,1488.2,31,atp
Matias Soto,1471.5,1347.6,1467.4,1435.7,26,atp
Juan Manuel La Serna,1471.1,1376.0,1461.2,1435.6,22,atp
Andrej Martin,1470.3,1372.9,1444.9,1347.5,36,atp
Blake Ellis,1468.5,1441.4,1344.2,1434.2,27,atp
Alexander Vasilev,1467.4,1343.7,1415.2,1433.7,18,atp
Mert Alkaya,1467.1,1443.3,1376.1,1433.5,25,atp
Jay Clarke,1464.6,1423.9,1437.8,1354.0,27,atp
Alvaro Guillen Meza,1464.1,1269.2,1444.7,1412.0,23,atp
Laurent Lokoli,1463.5,1411.1,1456.0,1465.1,31,atp
Moez Echargui,1462.1,1430.9,1391.7,1431.0,33,atp
Guy Den Ouden,1459.7,1320.7,1456.3,1390.2,24,atp
Christoph Negritu,1458.7,1423.4,1428.7,1429.3,31,atp
Hynek Barton,1457.7,1453.1,1405.7,1428.8,22,atp
Javier Barranco Cosano,1457.4,1398.9,1441.3,1432.7,27,atp
Maxim Mrva,1457.1,1481.9,1368.2,1478.6,18,atp
Yi Zhou,1455.4,1444.6,1308.3,1427.7,21,atp
Beibit Zhukayev,1455.4,1401.7,1378.6,1509.7,25,atp
Miguel Damas,1454.9,1357.2,1426.1,1427.5,26,atp
Marat Sharipov,1454.3,1430.6,1403.5,1427.2,23,atp
Mats Rosenkranz,1453.5,1424.3,1320.2,1398.4,27,atp
Keegan Smith,1453.4,1426.9,1269.8,1426.7,27,atp
Enrico Dalla Valle,1453.3,1380.8,1429.8,1426.6,28,atp
Benjamin Hassan,1453.1,1399.0,1461.1,1423.3,31,atp
Franco Agamenone,1453.1,1346.2,1433.2,1355.5,33,atp
Dimitar Kuzmanov,1452.8,1435.4,1417.6,1421.3,32,atp
Andrew Paulson,1452.4,1355.8,1426.8,1426.2,24,atp
George Loffhagen,1451.8,1439.8,1301.0,1408.2,25,atp
Guido Ivan Justo,1450.2,1310.7,1441.3,1425.1,28,atp
Oriol Roca Batalla,1449.3,1379.6,1424.1,1385.8,32,atp
Lorenzo Giustino,1448.4,1439.8,1383.2,1330.0,34,atp
Marc Polmans,1448.3,1413.7,1407.4,1459.8,28,atp
Murphy Cassone,1448.2,1417.5,1328.2,1408.2,23,atp
Andre Ilagan,1446.5,1419.9,1333.2,1423.2,25,atp
Karue Sell,1446.2,1413.5,1411.8,1423.1,31,atp
Florent Bax,1445.5,1410.2,1414.7,1422.8,26,atp
Andrej Nedic,1445.5,1397.4,1443.6,1472.8,21,atp
Felix Gill,1442.8,1475.5,1362.4,1333.5,23,atp
Federico Agustin Gomez,1442.7,1401.5,1410.7,1429.3,29,atp
Radu Albot,1442.0,1423.6,1429.8,1489.9,36,atp
Eliakim Coulibaly,1441.5,1435.0,1353.4,1420.7,23,atp
Ryan Peniston,1441.0,1402.0,1356.5,1440.0,30,atp
Abedallah Shelbayh,1440.1,1447.1,1326.5,1437.7,22,atp
Juan Pablo Varillas,1440.1,1356.8,1430.9,1348.2,30,atp
Oliver Crawford,1438.5,1409.8,1373.0,1457.4,26,atp
Lilian Marmousez,1435.9,1388.4,1410.1,1418.0,24,atp
Antoine Escoffier,1435.7,1413.4,1258.4,1360.8,33,atp
Charles Broom,1434.2,1408.8,1314.4,1419.5,28,atp
Stuart Parker,1434.0,1412.2,1327.0,1324.7,28,atp
Oleg Prihodko,1431.7,1421.4,1367.2,1415.9,28,atp
Ognjen Milic,1431.2,1412.3,1449.8,1465.6,18,atp
Sascha Gueymard Wayenburg,1430.9,1402.6,1394.4,1379.9,22,atp
Juan Pablo Ficovich,1430.5,1426.4,1395.0,1426.4,29,atp
Cezar Cretu,1430.4,1400.6,1392.7,1415.2,24,atp
Ivan Gakhov,1430.2,1386.6,1384.3,1386.6,29,atp
Stefan Kozlov,1429.0,1408.3,1397.2,1414.4,28,atp
Jason Jung,1428.5,1393.4,1371.2,1421.4,36,atp
Yuta Shimizu,1427.8,1396.8,1299.9,1420.5,26,atp
Andrea Collarini,1427.8,1323.0,1412.6,1334.3,34,atp
Filip Cristian Jianu,1427.7,1325.7,1402.1,1405.1,24,atp
Facundo Mena,1427.0,1354.5,1405.6,1378.2,33,atp
Dan Added,1426.0,1405.9,1291.5,1413.0,27,atp
Paul Jubb,1425.8,1403.3,1338.0,1445.2,26,atp
Tung Lin Wu,1424.9,1394.8,1430.6,1371.9,27,atp
Alex Barrena,1424.4,1280.3,1402.8,1412.2,23,atp
Geoffrey Blancaneaux,1423.2,1392.8,1417.3,1339.6,27,atp
Maks Kasnikowski,1422.3,1379.8,1464.3,1461.2,22,atp
Juan Bautista Torres,1422.2,1313.2,1410.9,1411.1,24,atp
Alex Martinez,1421.8,1364.9,1401.3,1410.9,25,atp
Jonas Forejtek,1421.2,1350.1,1406.9,1393.6,25,atp
Hernan Casanova,1419.1,1275.8,1404.7,1378.7,32,atp
Matteo Martineau,1418.0,1398.8,1355.7,1391.3,27,atp
Jacopo Vasami,1417.7,1282.5,1414.2,1408.8,18,atp
Alexey Vatutin,1415.2,1382.0,1373.8,1371.6,33,atp
Akira Santillan,1415.0,1377.3,1369.0,1366.1,28,atp
Justin Engel,1414.6,1412.1,1322.9,1436.3,18,atp
James Trotter,1414.2,1380.4,1356.3,1384.9,26,atp
Daniel Masur,1413.4,1382.5,1387.3,1402.2,31,atp
Bernabe Zapata Miralles,1413.1,1366.2,1407.4,1423.5,29,atp
Martin Krumich,1412.8,1337.2,1370.8,1406.4,23,atp
Hady Habib,1411.6,1364.1,1435.4,1431.0,27,atp
Marek Gengel,1410.6,1377.3,1260.0,1364.9,30,atp
Tom Paris,1409.9,1372.2,1358.3,1405.0,23,atp
Tibo Colson,1408.7,1351.6,1352.5,1404.4,25,atp
Denis Yevseyev,1403.7,1387.4,1371.9,1411.7,32,atp
Eduardo Ribeiro,1402.4,1279.7,1393.9,1401.2,28,atp
Michael Geerts,1399.5,1382.8,1347.9,1343.4,31,atp
Daniel Michalski,1399.4,1408.0,1343.3,1449.7,26,atp
Matheus Pucinelli De Almeida,1398.0,1263.3,1391.2,1399.8,25,atp
Quinn Vandecasteele,1397.2,1375.1,1308.6,1381.7,23,atp
Robin Bertrand,1393.4,1366.9,1299.5,1396.7,22,atp
Tyler Zink,1392.4,1362.3,1312.4,1411.0,25,atp
Philip Sekulic,1390.0,1363.3,1273.8,1356.8,22,atp
Aziz Dougaz,1389.5,1374.4,1379.8,1365.7,29,atp
Jakub Paul,1389.2,1340.1,1347.6,1394.6,27,atp
Ioannis Xilas,1388.6,1362.3,1444.3,1444.3,24,atp
Milos Karol,1387.8,1330.6,1353.4,1393.9,23,atp
Rudolf Molleker,1386.8,1340.8,1381.9,1362.7,25,atp
Sergio Callejon Hernando,1386.2,1327.3,1364.2,1393.1,21,atp
Philip Henning,1385.7,1364.9,1350.4,1442.9,25,atp
Dmitry Popko,1385.2,1399.6,1334.0,1322.8,29,atp
Alastair Gray,1384.4,1350.0,1302.2,1360.7,27,atp
Giles Hussey,1384.1,1349.9,1302.0,1354.1,28,atp
Samir Banerjee,1383.9,1361.0,1302.0,1392.0,22,atp
Jie Cui,1382.9,1353.5,1249.3,1391.5,28,atp
Henry Bernet,1382.9,1321.5,1367.3,1391.4,19,atp
Edward Winter,1381.4,1345.4,1300.7,1418.2,21,atp
Max Schoenhaus,1381.2,1360.0,1330.4,1356.5,18,atp
Khumoun Sultanov,1379.1,1367.1,1277.7,1400.2,27,atp
Murkel Alejandro Dellien Velasco,1378.6,1357.2,1368.2,1368.2,28,atp
Patrick Zahraj,1377.2,1376.1,1281.8,1399.0,26,atp
Maximus Jones,1374.1,1349.4,1329.5,1387.1,21,atp
Alfredo Perez,1371.6,1333.4,1379.7,1385.8,28,atp
Stefan Palosi,1368.8,1294.4,1354.7,1384.4,26,atp
Alexander Donski,1368.1,1372.7,1351.8,1434.0,27,atp
Hiroki Moriya,1367.3,1334.4,1262.1,1360.9,35,atp
Federico Bondioli,1366.8,1236.5,1368.2,1383.4,20,atp
Sandro Kopp,1365.4,1293.0,1371.7,1382.7,25,atp
Aidan Mayo,1365.2,1345.6,1305.4,1388.8,22,atp
Hayato Matsuoka,1362.2,1334.2,1291.1,1381.1,21,atp
Niels Visker,1362.1,1360.2,1271.0,1381.0,24,atp
Kaichi Uchida,1360.2,1334.1,1308.0,1392.8,31,atp
Gabi Adrian Boitan,1360.0,1340.4,1341.3,1430.0,26,atp
Nicolas Alvarez Varona,1358.5,1384.5,1306.4,1379.2,24,atp
Daniel Milavsky,1357.1,1351.0,1271.8,1359.3,24,atp
Eero Vasa,1354.5,1321.3,1333.8,1427.2,29,atp
Mathys Erhard,1353.3,1334.1,1330.2,1376.7,24,atp
Miguel Tobon,1352.2,1312.7,1340.2,1387.0,19,atp
Luca Potenza,1352.0,1322.3,1307.5,1376.0,25,atp
Alex Rybakov,1351.7,1309.8,1310.5,1397.0,29,atp
Nicolas Kicker,1351.2,1328.4,1341.8,1325.1,33,atp
Andres Martin,1351.1,1338.9,1329.0,1425.6,24,atp
Petr Bar Biryukov,1350.6,1330.2,1310.8,1375.3,24,atp
James Watt,1348.4,1331.9,1248.9,1406.7,25,atp
Federico Arnaboldi,1347.9,1309.8,1306.1,1343.5,25,atp
Alexandr Binda,1346.0,1287.0,1331.8,1373.0,24,atp
Tai Sach,1343.4,1321.9,1281.7,1371.7,23,atp
Viktor Durasovic,1342.7,1340.5,1285.9,1315.0,29,atp
Cannon Kingsley,1342.3,1344.5,1262.4,1371.1,24,atp
Carlo Alberto Caniato,1341.2,1258.5,1359.9,1370.6,20,atp
Henry Searle,1339.6,1303.9,1287.9,1346.2,19,atp
Pietro Fellin,1338.7,1312.4,1264.8,1369.4,24,atp
Olaf Pieczkowski,1338.4,1331.4,1329.4,1419.2,21,atp
Santiago Fa Rodriguez Taverna,1337.5,1289.5,1329.2,1355.5,26,atp
Mae Malige,1336.9,1308.6,1229.1,1368.4,19,atp
Garrett Johns,1336.2,1323.4,1291.1,1368.1,25,atp
Valerio Aboian,1334.3,1227.0,1325.7,1367.1,23,atp
Alejo Sanchez Quilez,1333.6,1282.5,1306.5,1366.8,20,atp
Francesco Forti,1333.4,1291.1,1301.6,1366.7,26,atp
Corentin Denolly,1331.3,1271.4,1292.5,1352.3,28,atp
Daniel Dutra Da Silva,1330.3,1243.8,1313.4,1351.3,37,atp
Jacopo Berrettini,1325.4,1257.8,1335.8,1362.7,27,atp
Andrea Picchione,1324.4,1266.5,1305.2,1362.2,27,atp
Lucas Poullain,1323.0,1299.9,1258.7,1361.5,30,atp
Luis Guto Miguel,1322.0,1267.1,1317.1,1361.0,17,atp
David Jorda Sanchis,1322.0,1222.8,1344.7,1322.1,31,atp
Conner Huertas Del Pino,1321.8,1303.4,1299.1,1360.9,30,atp
Blaise Bicknell,1320.9,1296.1,1291.2,1410.5,24,atp
Patrick Maloney,1320.7,1273.3,1322.0,1370.7,25,atp
Thomas Faurel,1320.5,1284.2,1278.8,1360.3,20,atp
Neil Oberleitner,1319.6,1286.4,1271.8,1359.8,26,atp
Olle Wallin,1319.3,1287.9,1311.9,1359.7,24,atp
Johan Nikles,1318.7,1273.0,1306.1,1359.3,29,atp
Max Alcala Gurri,1317.7,1256.2,1298.2,1358.9,23,atp
Maxime Janvier,1317.0,1291.4,1283.1,1356.8,29,atp
Jelle Sels,1316.1,1334.8,1288.4,1254.4,30,atp
Olukayode Alafia Damina Ayeni,1315.6,1305.9,1201.6,1314.1,26,atp
Carlos Sanchez Jover,1313.6,1227.1,1295.2,1356.8,25,atp
Omar Jasika,1313.4,1289.7,1253.6,1251.2,28,atp
Dan Martin,1313.2,1276.1,1274.7,1328.7,26,atp
Cruz Hewitt,1310.7,1292.5,1265.3,1355.3,17,atp
Sasi Kumar Mukund,1309.5,1284.9,1242.9,1318.1,29,atp
Tsung Hao Huang,1308.8,1279.6,1264.4,1354.4,26,atp
Masamichi Imamura,1308.0,1276.0,1264.0,1354.0,27,atp
Ivan Marrero Curbelo,1302.5,1237.3,1327.8,1351.3,27,atp
Kaylan Bigun,1301.7,1274.9,1239.8,1350.9,19,atp
Michele Ribecai,1298.2,1251.4,1261.6,1349.1,23,atp
Luciano Emanuel Ambrogi,1297.7,1200.0,1289.6,1348.8,22,atp
Carl Emil Overbeck,1292.9,1271.2,1256.5,1346.5,24,atp
Gonzalo Villanueva,1291.1,1208.9,1277.8,1345.5,31,atp
Naoki Nakagawa,1289.2,1270.8,1148.8,1344.6,29,atp
Pedro Sakamoto,1287.4,1257.5,1275.7,1343.7,32,atp
Kasidit Samrej,1285.4,1259.8,1356.9,1392.7,25,atp
Taha Baadi,1282.1,1249.6,1279.8,1305.3,24,atp
Gabriele Piraino,1279.9,1214.9,1271.2,1340.0,22,atp
Adria Soriano Barrera,1279.6,1280.9,1225.5,1339.8,26,atp
Alan Magadan,1274.1,1275.1,1237.7,1337.1,24,atp
Max Wiskandt,1274.0,1231.8,1267.8,1309.8,24,atp
Aristotelis Thanos,1267.4,1254.6,1328.2,1383.7,24,atp
Christian Langmo,1266.5,1254.0,1140.8,1333.2,29,atp
San Hui Sin,1265.1,1242.2,1242.6,1332.6,29,atp
Juan Alejandro Hernandez Serrano,1264.9,1234.7,1241.3,1332.4,26,atp
Robert Strombachs,1261.0,1257.8,1239.1,1330.5,26,atp
Bor Artnak,1253.3,1241.0,1290.2,1376.7,21,atp
Luca Castelnuovo,1252.4,1234.4,1210.0,1326.2,29,atp
Paulo Andre Saraiva Dos Santos,1251.1,1214.7,1244.1,1325.5,25,atp
Mateus Alves,1244.5,1146.2,1246.9,1322.3,25,atp
Joaquin  Aguilar Cardozo,1243.1,1283.3,1255.0,1371.5,20,atp
Justin Boulais,1239.3,1213.9,1229.6,1319.6,24,atp
Aryan Shah,1235.2,1227.9,1226.1,1317.6,20,atp
Kokoro Isomura,1234.1,1203.1,1227.0,1317.0,23,atp
Andrew Fenty,1231.5,1213.5,1214.0,1315.8,26,atp
Saba Purtseladze,1226.1,1254.7,1115.8,1291.2,24,atp
Lorenzo Joaquin Rodriguez,1226.1,1189.2,1216.6,1313.1,26,atp
Renta Tokuda,1223.7,1196.6,1173.1,1311.8,28,atp
Vadym Ursu,1222.7,1195.6,1167.6,1290.3,29,atp
Moerani Bouzige,1210.6,1179.6,1215.3,1305.3,26,atp
Joao Eduardo Schiessl,1201.5,1173.9,1203.0,1300.7,21,atp
Pierluigi Basile,1201.4,1153.3,1223.6,1300.7,19,atp
Bruno Fernandez,1200.8,1210.4,1193.0,1300.4,21,atp
Karan Singh,1199.5,1151.7,1260.5,1299.7,22,atp
Mariano Kestelboim,1198.4,1170.6,1189.0,1299.2,30,atp
Tiago Pereira,1192.5,1149.2,1215.0,1296.3,21,atp
Karl Poling,1184.4,1198.5,1151.7,1250.5,26,atp
Carlos Maria Zarate,1163.1,1193.8,1149.0,1281.6,0,atp
Juan Estevez,1156.8,1188.4,1148.5,1278.4,20,atp
Lorenzo Carboni,1151.9,1119.1,1158.4,1275.9,20,atp
Sebastian Gima,1133.1,1120.2,1139.2,1266.5,23,atp
Jake Delaney,1103.0,1088.3,1131.7,1251.5,28,atp
Aryna Sabalenka,2239.6,2211.1,2116.4,1996.5,28,wta
Elena Rybakina,2174.5,2136.0,2039.6,1921.1,26,wta
Jessica Pegula,2102.5,2060.9,1960.5,1881.3,32,wta
Coco Gauff,2101.8,2050.0,2042.2,1856.6,22,wta
Iga Swiatek,2082.7,2031.2,2021.4,1937.1,24,wta
Karolina Muchova,2069.1,2035.6,1899.9,1781.2,29,wta
Elina Svitolina,2067.7,1996.2,1988.5,1835.1,31,wta
Mirra Andreeva,2052.7,1983.2,1993.1,1804.7,19,wta
Victoria Mboko,2044.6,2025.6,1834.7,1736.2,19,wta
Marta Kostyuk,2031.7,1955.1,1958.5,1724.9,23,wta
Belinda Bencic,1982.2,1948.9,1819.5,1787.6,29,wta
Linda Noskova,1966.3,1907.7,1817.2,1785.3,21,wta
Sorana Cirstea,1959.3,1915.8,1844.4,1684.9,36,wta
Naomi Osaka,1956.3,1905.9,1850.8,1733.0,28,wta
Madison Keys,1948.1,1900.5,1873.2,1772.2,31,wta
Amanda Anisimova,1937.6,1889.0,1753.4,1777.0,24,wta
Jasmine Paolini,1929.7,1884.8,1873.8,1774.3,30,wta
Elise Mertens,1917.4,1859.3,1830.2,1767.2,30,wta
Anastasia Potapova,1914.1,1808.9,1881.4,1703.7,25,wta
Qinwen Zheng,1908.8,1860.1,1857.7,1662.3,23,wta
Marketa Vondrousova,1907.1,1825.8,1773.1,1791.1,26,wta
Anna Kalinskaya,1904.2,1861.2,1774.1,1733.1,27,wta
Iva Jovic,1883.4,1836.2,1782.6,1755.3,18,wta
Diana Shnaider,1881.8,1828.1,1801.5,1734.7,22,wta
Victoria Azarenka,1875.3,1839.1,1769.2,1719.9,36,wta
Sonay Kartal,1874.0,1832.6,1602.3,1731.6,24,wta
Barbora Krejcikova,1870.2,1817.8,1721.6,1762.6,30,wta
Tereza Valentova,1865.4,1820.4,1803.4,1651.5,19,wta
Karolina Pliskova,1862.4,1807.3,1813.9,1749.7,34,wta
Jelena Ostapenko,1858.4,1796.1,1818.8,1768.6,28,wta
Alexandra Eala,1855.2,1812.7,1671.6,1728.5,20,wta
Katerina Siniakova,1854.5,1811.1,1728.3,1738.7,29,wta
Ekaterina Alexandrova,1849.0,1802.1,1755.8,1761.3,31,wta
Hailey Baptiste,1847.1,1782.2,1777.6,1633.2,24,wta
Danielle Collins,1844.4,1772.3,1808.7,1680.3,31,wta
Taylor Townsend,1840.2,1803.3,1740.6,1629.5,30,wta
Anhelina Kalinina,1840.2,1749.6,1815.0,1653.4,29,wta
Leylah Fernandez,1839.3,1801.6,1723.6,1691.3,23,wta
Maria Sakkari,1839.2,1809.8,1772.2,1667.9,30,wta
Veronika Kudermetova,1836.4,1785.9,1764.7,1709.5,28,wta
Elisabetta Cocciaretto,1835.9,1788.2,1742.9,1710.1,25,wta
Clara Tauson,1832.4,1790.4,1734.5,1683.2,23,wta
Emma Raducanu,1827.9,1769.9,1757.8,1704.9,23,wta
Yulia Putintseva,1825.3,1768.6,1760.2,1669.9,31,wta
Marie Bouzkova,1820.0,1772.9,1759.7,1658.0,27,wta
Jaqueline Cristian,1819.3,1795.8,1735.5,1492.5,27,wta
Olga Danilovic,1819.1,1739.8,1796.1,1639.9,25,wta
Liudmila Samsonova,1817.0,1744.0,1761.7,1753.0,27,wta
Katie Boulter,1816.1,1787.4,1678.0,1733.9,29,wta
Dayana Yastremska,1815.7,1745.0,1748.6,1700.3,25,wta
Mccartney Kessler,1815.0,1788.1,1651.0,1719.9,26,wta
Varvara Gracheva,1809.9,1763.2,1701.4,1641.3,25,wta
Eva Lys,1809.4,1778.8,1701.0,1626.3,24,wta
Caty Mcnally,1809.0,1727.1,1748.0,1703.8,24,wta
Camila Osorio,1807.2,1780.4,1722.7,1627.8,24,wta
Daria Kasatkina,1803.8,1761.4,1760.5,1707.9,28,wta
Ann Li,1803.3,1744.1,1730.9,1571.2,25,wta
Peyton Stearns,1802.9,1754.5,1753.8,1553.5,24,wta
Magda Linette,1800.0,1763.9,1732.6,1626.3,34,wta
Sara Bejlek,1797.2,1759.2,1738.9,1509.1,20,wta
Elena Gabriela Ruse,1785.8,1722.3,1723.2,1686.1,28,wta
Laura Siegemund,1784.2,1721.1,1703.9,1673.6,38,wta
Donna Vekic,1776.6,1720.3,1741.0,1686.9,29,wta
Anastasia Pavlyuchenkova,1774.6,1741.6,1692.1,1678.7,34,wta
Oleksandra Oliynykova,1771.0,1570.9,1726.1,1544.8,25,wta
Paula Badosa,1770.3,1743.0,1679.7,1635.1,28,wta
Emma Navarro,1766.6,1713.8,1712.6,1716.5,24,wta
Anna Bondar,1763.6,1668.7,1751.5,1512.4,28,wta
Xin Yu Wang,1763.2,1717.3,1635.5,1716.6,24,wta
Katie Volynets,1762.6,1724.1,1699.5,1586.8,24,wta
Daria Snigur,1762.3,1728.8,1597.9,1612.5,24,wta
Yuliia Starodubtseva,1761.8,1669.7,1710.5,1594.7,26,wta
Talia Gibson,1761.6,1776.6,1521.9,1622.6,21,wta
Irina Camelia Begu,1759.2,1681.1,1735.6,1604.7,35,wta
Zeynep Sonmez,1758.3,1709.2,1653.7,1629.1,24,wta
Kimberly Birrell,1752.4,1750.7,1511.6,1611.7,28,wta
Cristina Bucsa,1752.2,1725.3,1596.8,1608.9,28,wta
Aliaksandra Sasnovich,1752.0,1710.0,1667.6,1648.0,32,wta
Lanlana Tararudee,1751.6,1723.1,1580.1,1600.4,21,wta
Janice Tjen,1751.0,1730.9,1605.6,1625.5,23,wta
Rebeka Masarova,1750.5,1682.1,1717.9,1632.7,26,wta
Anastasia Zakharova,1749.9,1717.6,1593.9,1640.0,24,wta
Lois Boisson,1743.8,1576.2,1722.5,1523.8,22,wta
Antonia Ruzic,1739.7,1717.5,1617.0,1578.8,23,wta
Solana Sierra,1738.7,1635.1,1713.7,1600.0,21,wta
Viktorija Golubic,1736.1,1700.6,1632.3,1618.6,33,wta
Sofia Kenin,1735.2,1679.1,1695.9,1611.9,27,wta
Magdalena Frech,1734.9,1705.1,1652.7,1572.3,28,wta
Ajla Tomljanovic,1734.7,1717.5,1639.7,1664.8,32,wta
Nikola Bartunkova,1732.2,1691.6,1666.9,1541.1,20,wta
Xiyu Wang,1732.0,1703.6,1678.7,1563.1,25,wta
Lilli Tagger,1729.9,1710.2,1633.3,1539.9,18,wta
Emerson Jones,1726.6,1691.7,1478.3,1593.9,17,wta
Bianca Andreescu,1726.1,1702.3,1652.6,1614.7,25,wta
Alina Korneeva,1725.7,1729.6,1527.7,1522.9,18,wta
Sinja Kraus,1725.1,1639.2,1686.9,1555.9,24,wta
Maya Joint,1724.3,1690.0,1667.3,1655.7,20,wta
Hanne Vandewinkel,1718.9,1744.7,1583.3,1523.4,21,wta
Anastasija Sevastova,1718.5,1664.3,1695.0,1619.5,35,wta
Kaja Juvan,1716.8,1647.5,1703.8,1674.1,25,wta
Jessica Bouzas Maneiro,1715.6,1660.9,1672.8,1630.9,23,wta
Kaitlin Quevedo,1713.4,1632.8,1660.8,1531.7,20,wta
Alina Charaeva,1711.5,1600.7,1678.4,1538.2,23,wta
Ashlyn Krueger,1711.1,1683.5,1624.7,1576.0,21,wta
Shuai Zhang,1710.9,1691.2,1582.5,1624.7,37,wta
Dalma Galfi,1710.7,1616.9,1683.6,1634.0,27,wta
Maja Chwalinska,1710.2,1674.0,1675.2,1538.5,24,wta
Moyuka Uchijima,1707.8,1646.9,1679.8,1490.4,24,wta
Polina Kudermetova,1707.7,1636.5,1670.0,1541.9,22,wta
Vera Zvonareva,1706.8,1673.6,1616.0,1639.1,41,wta
Marina Stakusic,1706.7,1672.1,1558.8,1592.9,21,wta
Jeline Vandromme,1705.2,1700.6,1535.9,1527.6,18,wta
Yafan Wang,1703.6,1673.0,1538.6,1539.9,31,wta
Simona Waltert,1702.7,1622.5,1688.5,1497.1,25,wta
Mananchaya Sawangkaew,1702.4,1676.6,1554.0,1561.9,23,wta
Kamilla Rakhimova,1702.3,1675.6,1604.3,1619.7,24,wta
Alycia Parks,1697.4,1663.7,1577.9,1564.1,25,wta
Greet Minnen,1695.2,1652.9,1579.8,1654.5,28,wta
Leolia Jeanjean,1691.4,1606.9,1669.6,1519.8,30,wta
Mia Pohankova,1690.1,1628.2,1592.1,1508.5,17,wta
Tatiana Prozorova,1688.6,1666.2,1592.2,1519.3,22,wta
Storm Hunter,1684.7,1669.6,1547.6,1582.7,31,wta
Tamara Zidansek,1683.8,1595.6,1674.9,1495.1,28,wta
Rebecca Sramkova,1682.8,1643.6,1615.6,1566.1,29,wta
Anna Blinkova,1681.5,1647.6,1601.1,1589.4,27,wta
Oksana Selekhmeteva,1681.2,1665.8,1634.5,1526.1,23,wta
Veronika Podrez,1675.4,1576.8,1564.8,1512.7,19,wta
Maria Timofeeva,1675.2,1597.2,1656.8,1435.0,22,wta
Tamara Korpatsch,1673.2,1603.0,1648.8,1461.4,30,wta
Caroline Dolehide,1672.6,1637.5,1618.7,1485.3,27,wta
Renata Zarazua,1672.1,1643.3,1602.8,1555.9,28,wta
Robin Montgomery,1670.7,1615.4,1596.6,1632.9,21,wta
Diane Parry,1668.1,1613.2,1622.9,1631.8,23,wta
Lin Zhu,1668.0,1643.8,1452.1,1532.3,32,wta
Lulu Sun,1667.8,1669.7,1492.8,1586.0,25,wta
Francesca Jones,1667.4,1605.2,1660.4,1483.9,25,wta
Sloane Stephens,1666.5,1621.8,1647.2,1581.0,33,wta
Petra Marcinko,1666.0,1599.6,1654.4,1433.6,20,wta
Beatriz Haddad Maia,1661.0,1611.9,1642.8,1623.9,29,wta
Yue Yuan,1660.2,1626.1,1578.1,1524.5,27,wta
Fiona Ferro,1659.1,1622.5,1594.7,1481.4,29,wta
Venus Williams,1659.1,1619.2,1572.9,1587.8,45,wta
Sara Sorribes Tormo,1656.7,1586.7,1648.5,1533.4,29,wta
Elina Avanesyan,1654.6,1620.1,1619.8,1568.2,23,wta
Panna Udvardy,1654.6,1563.5,1609.1,1557.2,27,wta
Bernarda Pera,1653.3,1609.7,1640.4,1544.8,31,wta
Ella Seidel,1653.0,1632.4,1557.6,1548.5,21,wta
Claire Liu,1645.1,1622.9,1582.5,1515.5,25,wta
Anca Alexia Todoni,1643.2,1550.5,1692.2,1514.3,20,wta
Lisa Pigato,1642.1,1576.5,1616.6,1554.7,22,wta
Himeno Sakatsume,1640.0,1613.1,1497.7,1500.3,24,wta
Viktoriya Tomova,1637.6,1591.7,1579.8,1543.1,31,wta
Linda Fruhvirtova,1636.9,1623.7,1491.4,1565.5,21,wta
Vendula Valdmannova,1636.4,1616.5,1385.9,1493.2,18,wta
Andrea Lazaro Garcia,1634.7,1533.4,1621.8,1469.7,31,wta
Noma Noha Akugue,1633.4,1592.8,1538.7,1438.2,22,wta
Veronika Erjavec,1633.2,1525.9,1615.0,1560.8,26,wta
Laura Samson,1631.0,1515.6,1634.1,1490.5,18,wta
Elsa Jacquemot,1629.2,1590.4,1556.7,1573.4,23,wta
Tatjana Maria,1628.1,1571.2,1556.4,1625.8,38,wta
Darja Semenistaja,1627.9,1555.1,1607.1,1534.7,23,wta
Jil Teichmann,1626.4,1600.3,1582.9,1426.9,28,wta
Julia Grabher,1626.4,1493.1,1615.7,1410.8,29,wta
Rebecca Marino,1625.6,1590.9,1493.4,1570.6,34,wta
Celine Naef,1622.5,1628.6,1471.2,1568.5,20,wta
Harriet Dart,1620.4,1592.1,1444.4,1551.9,29,wta
Mayar Sherif,1619.8,1472.1,1597.3,1465.1,30,wta
Linda Klimovicova,1619.7,1586.3,1498.6,1462.7,21,wta
Katarzyna Kawa,1618.5,1466.3,1627.3,1522.0,33,wta
Dominika Salkova,1617.4,1614.2,1536.3,1457.9,21,wta
Priscilla Hon,1615.4,1588.5,1495.8,1501.5,28,wta
Emiliana Arango,1612.2,1570.2,1551.1,1441.1,25,wta
Nina Stojanovic,1609.0,1557.5,1586.7,1553.6,29,wta
Joanna Garland,1608.4,1581.8,1513.8,1502.8,24,wta
Alisa Oktiabreva,1605.8,1456.6,1577.0,1477.9,17,wta
Tyra Caterina Grant,1605.4,1511.0,1571.0,1477.7,18,wta
Victoria Jimenez Kasintseva,1604.3,1581.3,1542.1,1478.7,20,wta
Kayla Day,1599.7,1578.5,1541.0,1411.1,26,wta
Taylah Preston,1599.4,1590.2,1405.0,1431.1,20,wta
Hayu Kinoshita,1598.3,1587.7,1361.7,1474.1,19,wta
Hanyu Guo,1597.9,1578.4,1500.2,1474.0,27,wta
Polona Hercog,1594.5,1526.5,1579.0,1525.2,35,wta
Guiomar Maristany Zuleta De Reales,1594.3,1506.1,1574.8,1433.5,27,wta
Carson Branstine,1593.6,1511.9,1559.2,1571.3,25,wta
Elvina Kalieva,1592.7,1551.6,1524.2,1429.0,22,wta
Sofia Costoulas,1592.5,1583.0,1521.1,1440.7,21,wta
Fiona Crawley,1591.1,1550.0,1381.8,1470.5,24,wta
Varvara Lepchenko,1590.2,1564.5,1546.3,1470.6,39,wta
Suzan Lamens,1587.5,1555.2,1518.7,1492.9,26,wta
Heather Watson,1587.3,1555.5,1448.9,1530.3,33,wta
Lucie Havlickova,1587.2,1565.8,1507.3,1497.3,21,wta
Aoi Ito,1586.2,1586.8,1316.5,1417.2,21,wta
Tereza Martincova,1585.5,1571.0,1477.2,1548.7,31,wta
Zhuoxuan Bai,1584.2,1565.1,1444.4,1545.2,23,wta
Akasha Urhobo,1582.1,1443.5,1561.8,1466.1,19,wta
Darja Vidmanova,1581.4,1583.7,1496.0,1445.5,23,wta
Maddison Inglis,1581.3,1553.8,1439.2,1472.1,28,wta
Erika Andreeva,1581.2,1527.6,1538.7,1457.7,21,wta
Jana Fett,1579.7,1522.8,1556.2,1496.4,29,wta
Jessika Ponchet,1576.5,1506.5,1574.2,1481.9,29,wta
Carol Young Suh Lee,1575.0,1562.7,1526.7,1537.5,24,wta
Elena Pridankina,1574.5,1506.5,1569.7,1426.3,20,wta
Jazmin Ortenzi,1572.7,1406.0,1552.1,1433.0,24,wta
Mary Stoiana,1569.8,1523.6,1480.2,1459.9,23,wta
Olivia Gadecki,1568.8,1539.3,1489.7,1470.9,24,wta
Renata Jamrichova,1566.4,1514.3,1522.0,1411.2,18,wta
Teodora Kostovic,1566.3,1530.0,1549.5,1458.1,18,wta
Mona Barthel,1566.2,1540.3,1514.9,1412.5,35,wta
Anna Siskova,1565.8,1534.9,1501.8,1385.1,24,wta
Alexandra Shubladze,1563.2,1547.0,1389.9,1456.6,20,wta
Polina Iatcenko,1561.2,1544.7,1379.9,1455.6,22,wta
Madison Brengle,1559.4,1535.8,1523.7,1481.1,36,wta
Amandine Monnot,1558.8,1503.0,1476.9,1454.4,24,wta
Clervie Ngounoue,1557.4,1526.8,1448.2,1427.0,19,wta
Susan Bandecchi,1554.3,1501.0,1490.1,1456.4,27,wta
En Shuo Liang,1553.8,1554.1,1360.8,1497.0,25,wta
Anna Lena Friedsam,1553.8,1506.6,1509.7,1438.9,32,wta
Marina Bassols Ribera,1552.7,1483.0,1535.1,1460.4,26,wta
Martyna Kubka,1552.0,1524.0,1405.9,1451.0,25,wta
Lucia Bronzetti,1550.5,1514.9,1513.0,1449.6,27,wta
Anouk Koevermans,1546.5,1545.4,1500.1,1416.9,22,wta
Francisca Jorge,1544.2,1529.7,1441.9,1477.2,25,wta
Leyre Romero Gormaz,1542.1,1489.3,1514.8,1416.5,24,wta
Fangran Tian,1542.0,1521.6,1386.0,1446.0,22,wta
Julia Riera,1541.4,1477.6,1515.5,1437.4,23,wta
Aliona Falei,1540.9,1548.0,1430.2,1446.2,22,wta
Rada Zolotareva,1540.8,1421.2,1494.9,1445.4,17,wta
Xinyu Gao,1539.8,1510.3,1505.4,1399.2,28,wta
Lola Radivojevic,1539.7,1468.1,1546.7,1499.1,21,wta
Harmony Tan,1538.7,1524.1,1404.1,1516.2,28,wta
Elena Ruxandra Bertea,1536.5,1367.4,1533.8,1443.3,19,wta
Alice Tubello,1535.7,1376.7,1542.0,1442.9,25,wta
Iryna Shymanovich,1534.2,1476.3,1514.2,1401.2,28,wta
Elizara Yaneva,1533.3,1541.7,1449.2,1441.6,19,wta
Zarina Diyas,1533.1,1521.2,1480.7,1478.6,32,wta
Nao Hibino,1533.1,1509.8,1483.9,1435.1,31,wta
Lucrezia Stefanini,1532.1,1509.7,1470.9,1496.5,27,wta
Oceane Dodin,1531.0,1510.3,1462.2,1450.3,29,wta
Katarina Zavatska,1529.6,1417.1,1513.5,1426.6,26,wta
Anouck Vrancken Peeters,1522.5,1454.4,1471.0,1424.1,23,wta
Mariam Bolkvadze,1519.9,1496.9,1320.3,1449.9,28,wta
Xiaodi You,1518.5,1513.1,1382.2,1378.0,29,wta
Arantxa Rus,1518.4,1506.0,1508.3,1413.3,35,wta
Sachia Vickery,1514.2,1473.9,1505.1,1428.0,30,wta
Anastasia Gasanova,1511.8,1494.7,1459.2,1442.0,26,wta
Cadence Brace,1511.5,1491.5,1293.4,1430.7,21,wta
Astra Sharma,1511.5,1465.7,1496.0,1444.0,30,wta
Elizabeth Mandlik,1509.9,1494.7,1449.9,1496.0,24,wta
Nuria Brancaccio,1509.7,1328.9,1511.4,1381.3,25,wta
Emina Bektas,1509.5,1481.6,1314.9,1464.9,32,wta
Aliona Bolsova,1509.5,1458.9,1487.2,1407.7,28,wta
Whitney Osuigwe,1509.0,1466.9,1460.9,1358.4,24,wta
Carole Monnet,1508.1,1428.9,1498.9,1375.4,24,wta
Wakana Sonobe,1506.0,1523.0,1321.2,1428.0,17,wta
Julieta Pareja,1505.8,1451.8,1473.3,1427.9,17,wta
Katie Swan,1505.6,1453.0,1388.4,1443.8,27,wta
Jodie Burrage,1505.5,1491.4,1359.1,1465.0,26,wta
Viktoria Hruncakova,1504.2,1479.9,1428.3,1420.1,27,wta
Lina Gjorcheska,1503.1,1441.4,1474.9,1437.4,31,wta
Katrina Scott,1501.0,1461.4,1461.9,1372.8,21,wta
Eva Guerrero Alvarez,1498.3,1479.0,1415.7,1402.1,26,wta
Ye Xin Ma,1497.2,1486.1,1274.7,1404.9,26,wta
Mia Ristic,1496.8,1362.4,1471.6,1423.4,19,wta
Kajsa Rinaldo Persson,1495.8,1425.5,1457.6,1356.1,28,wta
Alevtina Ibragimova,1495.1,1461.9,1448.6,1422.5,21,wta
Gabriela Andrea Knutson,1494.3,1455.5,1370.1,1441.7,29,wta
Tiantsoa Sarah Rakotomanga Rajaonah,1493.9,1456.4,1458.7,1421.9,20,wta
Destanee Aiava,1491.8,1474.5,1403.8,1383.9,25,wta
Francesca Curmi,1489.2,1428.6,1476.9,1419.6,23,wta
Kayla Cross,1488.9,1461.1,1398.3,1332.6,21,wta
Laura Pigossi,1488.7,1447.0,1463.2,1355.6,31,wta
Samira De Stefano,1484.6,1424.0,1368.5,1417.3,21,wta
Ekaterine Gorgodze,1483.8,1440.3,1449.0,1441.6,34,wta
Lisa Zaar,1483.8,1372.4,1463.2,1416.9,26,wta
Darya Astakhova,1483.7,1432.0,1486.1,1384.7,24,wta
Amarissa Kiara Toth,1483.5,1410.8,1470.6,1416.8,23,wta
Katherine Sebov,1483.4,1470.7,1394.6,1401.8,27,wta
Julia Avdeeva,1479.4,1472.6,1409.2,1392.0,23,wta
Arina Rodionova,1478.0,1457.7,1375.9,1450.2,36,wta
Mika Stojsavljevic,1477.5,1414.9,1353.8,1344.1,17,wta
Ayla Aksu,1477.3,1457.3,1410.9,1413.6,29,wta
Eva Vedder,1477.0,1457.2,1427.9,1424.0,26,wta
Kyoka Okamura,1476.4,1431.2,1343.1,1501.4,30,wta
Alexis Blokhina,1476.3,1448.6,1409.4,1413.2,21,wta
Luisina Giovannini,1476.1,1318.8,1470.7,1413.1,19,wta
Louisa Chirico,1475.7,1410.8,1515.9,1376.6,29,wta
Maria Lourdes Carle,1473.2,1453.9,1451.5,1360.8,26,wta
Kristina Dmitruk,1473.1,1456.1,1443.4,1375.6,22,wta
Tara Wurth,1473.0,1381.8,1446.0,1411.5,23,wta
Despina Papamichail,1471.5,1402.2,1453.6,1436.2,33,wta
Federica Urgesi,1470.8,1362.8,1457.0,1410.4,21,wta
Mai Hontama,1470.2,1428.0,1452.8,1381.2,26,wta
Mei Yamaguchi,1468.7,1434.2,1326.0,1386.7,26,wta
Lizette Cabrera,1466.7,1431.6,1354.3,1441.3,28,wta
Vitalia Diatchenko,1466.0,1443.7,1390.1,1422.4,35,wta
Ariana Geerlings,1465.7,1335.9,1427.6,1407.8,19,wta
Ane Mintegi Del Olmo,1463.9,1414.9,1436.3,1407.0,22,wta
Ena Shibahara,1463.8,1438.4,1463.2,1420.8,28,wta
Anastasia Zolotareva,1463.6,1374.6,1462.8,1406.8,24,wta
Martina Trevisan,1462.1,1446.9,1454.9,1303.6,32,wta
Chloe Paquet,1462.0,1423.0,1431.1,1360.6,31,wta
Silvia Ambrosio,1460.8,1359.5,1448.2,1405.4,28,wta
Carolyn Ansari,1459.3,1439.4,1359.6,1404.6,25,wta
Caijsa Wilda Hennemann,1457.1,1332.4,1436.2,1403.5,25,wta
Vivian Wolff,1455.0,1453.2,1336.1,1402.5,27,wta
Lucie Nguyen Tan,1453.9,1317.8,1421.8,1401.9,22,wta
Arianne Hartono,1452.8,1435.5,1375.4,1364.6,29,wta
Camilla Rosatello,1450.8,1373.4,1483.5,1342.6,30,wta
Sayaka Ishii,1449.2,1434.1,1333.9,1431.1,20,wta
Jana Kovackova,1449.1,1400.7,1381.7,1399.5,15,wta
Tessah Andrianjafitrimo,1446.7,1410.2,1421.1,1366.6,27,wta
Tessa Johanna Brockmann,1445.1,1362.2,1410.6,1397.6,20,wta
Kathinka Von Deichmann,1444.9,1430.4,1407.6,1376.4,31,wta
Noemi Basiletti,1444.3,1274.7,1431.8,1397.1,20,wta
Sijia Wei,1442.2,1450.3,1303.8,1370.5,22,wta
Jule Niemeier,1437.7,1432.7,1420.7,1438.8,26,wta
Margaux Rouvroy,1437.4,1395.0,1398.2,1393.7,25,wta
Sofya Lansere,1437.3,1440.8,1330.6,1393.7,25,wta
Angela Fita Boluda,1434.3,1283.0,1420.7,1392.1,26,wta
Zhibek Kulambayeva,1434.0,1282.7,1425.6,1392.0,26,wta
Sada Nahimana,1429.0,1321.4,1425.7,1389.5,25,wta
Ayana Akli,1427.8,1420.7,1371.4,1360.5,24,wta
Hiromi Abe,1425.1,1408.9,1327.5,1387.5,25,wta
Amarni Banks,1423.1,1391.6,1306.7,1388.0,23,wta
Ekaterina Reyngold,1423.0,1431.1,1362.7,1386.5,25,wta
Zongyu Li,1422.2,1404.6,1342.5,1386.1,22,wta
Yuriko Miyazaki,1420.7,1394.4,1272.8,1396.7,30,wta
Mingge Xu,1420.0,1384.7,1325.0,1356.2,18,wta
Sohyun Park,1417.0,1411.2,1347.2,1458.5,23,wta
Haruka Kaji,1416.6,1410.3,1334.4,1420.8,31,wta
Amandine Hesse,1416.2,1392.9,1362.7,1324.6,33,wta
Maria Sara Popa,1415.4,1275.2,1408.4,1382.7,20,wta
Rositsa Dencheva,1415.2,1370.8,1386.7,1382.6,19,wta
Nuria Parrizas Diaz,1411.2,1406.1,1411.0,1358.3,34,wta
Robin Anderson,1410.7,1383.0,1388.4,1355.0,32,wta
Gina Feistel,1410.1,1302.8,1406.1,1380.1,23,wta
Hina Inoue,1409.9,1387.3,1248.7,1374.6,22,wta
Viktoria Morvayova,1409.7,1392.5,1295.2,1379.8,25,wta
Carol Zhao,1409.3,1410.1,1308.4,1411.8,30,wta
Elena Malygina,1408.7,1400.0,1298.4,1454.3,25,wta
Julie Belgraver,1408.3,1347.3,1382.8,1379.1,23,wta
Valentina Ryser,1405.9,1356.7,1260.4,1479.3,25,wta
Irene Burillo Escorihuela,1405.2,1331.1,1392.7,1345.1,28,wta
Anastasiya Soboleva,1405.0,1332.0,1401.4,1338.6,22,wta
Isis Louise Van Den Broek,1403.7,1366.9,1318.4,1396.7,20,wta
Varvara Panshina,1403.5,1281.5,1456.2,1376.7,20,wta
Matilde Jorge,1402.8,1413.6,1284.6,1376.4,22,wta
Ena Koike,1401.4,1378.9,1299.9,1375.7,19,wta
Tina Nadine Smith,1401.1,1388.2,1363.1,1375.5,23,wta
Jennifer Ruggeri,1398.1,1314.1,1370.9,1374.1,22,wta
Lina Glushko,1397.8,1380.2,1343.0,1428.4,26,wta
Alicia Dudeney,1396.6,1377.4,1313.3,1361.3,22,wta
Misaki Matsuda,1395.4,1377.3,1369.2,1372.7,27,wta
Berfu Cengiz,1395.0,1376.4,1369.3,1352.8,26,wta
Monika Ekstrand,1393.8,1377.5,1294.9,1371.9,18,wta
Naiktha Bains,1393.5,1369.2,1327.1,1295.1,28,wta
Alina Granwehr,1393.5,1311.7,1363.4,1371.7,22,wta
Caroline Uebelhoer,1392.9,1334.4,1369.8,1371.5,30,wta
Dalila Spiteri,1390.5,1295.4,1396.5,1370.2,29,wta
Shrivalli Rashmikaa Bhamidipaty,1390.3,1370.0,1310.1,1370.1,24,wta
Ylena In Albon,1388.9,1311.7,1371.4,1360.1,26,wta
Sahaja Yamalapalli,1388.2,1357.2,1275.0,1378.9,25,wta
Selena Janicijevic,1387.5,1328.3,1367.9,1387.5,23,wta
Ana Sofia Sanchez,1386.5,1349.9,1355.2,1368.2,32,wta
Miriam Bianca Bulgaru,1385.6,1295.6,1353.8,1330.2,27,wta
Su Jeong Jang,1383.6,1354.5,1414.0,1333.3,30,wta
Miho Kuramochi,1383.1,1360.3,1306.5,1364.4,27,wta
Eva Bennemann,1381.4,1428.0,1263.4,1365.7,18,wta
Aneta Kladivova,1374.6,1331.4,1366.8,1362.3,25,wta
Gabriela Lee,1374.6,1280.0,1378.8,1295.0,30,wta
Xinxin Yao,1374.4,1366.4,1270.6,1362.2,22,wta
Lea Ma,1374.2,1359.4,1297.2,1339.5,25,wta
Tena Lukas,1373.8,1313.5,1363.0,1340.1,31,wta
Isabella Shinikova,1373.1,1378.0,1270.2,1284.4,34,wta
Alessandra Mazzola,1372.5,1301.3,1359.8,1361.3,25,wta
Eunhye Lee,1371.7,1356.2,1300.8,1360.8,25,wta
Ranah Akua Stoiber,1371.6,1336.0,1298.7,1320.3,20,wta
Hanna Chang,1371.4,1331.0,1385.4,1312.6,27,wta
Lea Boskovic,1371.2,1341.2,1357.3,1395.5,26,wta
Dalila Jakupovic,1371.1,1363.2,1323.2,1322.0,35,wta
Kristiana Sidorova,1370.1,1353.5,1300.1,1360.1,19,wta
Alice Rame,1368.8,1188.2,1382.5,1359.4,28,wta
Sara Saito,1367.4,1376.4,1330.3,1281.1,19,wta
Martina Capurro Taborda,1367.0,1290.3,1349.8,1390.5,28,wta
Laura Hietaranta,1367.0,1286.5,1319.4,1358.5,22,wta
Jia Jing Lu,1364.0,1332.0,1332.6,1272.6,36,wta
Usue Maitane Arconada,1361.6,1352.4,1271.4,1341.9,27,wta
Yeon Woo Ku,1361.5,1341.2,1282.5,1355.7,23,wta
Raluka Serban,1360.6,1360.5,1345.5,1363.2,28,wta
Sakura Hosogi,1358.2,1344.1,1274.3,1354.1,26,wta
Nastasja Schunk,1358.1,1330.1,1345.1,1409.7,22,wta
Ekaterina Maklakova,1358.1,1328.4,1317.3,1354.0,22,wta
Ayano Shimizu,1358.0,1324.4,1237.3,1364.0,28,wta
Victoria Rodriguez,1356.9,1340.7,1297.8,1353.5,30,wta
Hibah Shaikh,1356.1,1359.8,1277.3,1353.0,23,wta
Yufei Ren,1356.0,1304.2,1348.4,1353.0,20,wta
Oana Georgeta Simion,1355.4,1292.7,1338.4,1352.7,29,wta
Ekaterina Kazionova,1355.0,1315.1,1332.0,1331.6,27,wta
Mathilde Lollia,1353.9,1263.3,1327.4,1352.0,25,wta
Deborah Chiesa,1353.8,1271.7,1374.6,1323.0,29,wta
Antonia Vergara Rivera,1352.4,1291.2,1338.7,1351.2,18,wta
Diletta Cherubini,1352.1,1261.1,1344.2,1351.0,23,wta
Jessica Pieri,1350.6,1284.3,1351.6,1339.8,29,wta
Haley Giavara,1350.3,1332.5,1256.7,1360.4,25,wta
Mina Hodzic,1349.6,1350.8,1299.5,1331.8,23,wta
Julie Struplova,1348.8,1299.7,1336.1,1349.4,21,wta
Natsumi Kawaguchi,1348.7,1333.0,1289.4,1318.8,23,wta
Yidi Yang,1346.8,1355.0,1272.0,1348.4,26,wta
Justina Mikulskyte,1346.6,1322.7,1352.8,1292.0,30,wta
Anja Stankovic,1345.8,1287.9,1315.3,1347.9,20,wta
Sofia Rocchetti,1344.3,1272.6,1331.9,1347.1,23,wta
Victoria Bosio,1344.0,1252.6,1331.1,1347.0,31,wta
Angelina Voloshchuk,1342.7,1334.2,1242.7,1346.3,18,wta
Barbora Palicova,1341.8,1315.2,1345.1,1349.7,22,wta
Dalayna Hewitt,1341.6,1327.8,1223.9,1345.8,25,wta
Anastasia Abbagnato,1339.3,1288.4,1334.4,1344.7,21,wta
Saki Imamura,1338.0,1318.1,1284.0,1336.0,23,wta
Vaishnavi Adkar,1337.5,1320.9,1283.8,1343.8,21,wta
Zuzanna Pawlikowska,1336.4,1348.7,1284.7,1343.2,21,wta
Kira Pavlova,1334.9,1307.1,1282.5,1342.5,21,wta
Hong Yi Cody Wong,1332.6,1284.7,1297.2,1341.3,24,wta
Radka Zelnickova,1329.8,1301.7,1239.6,1339.9,22,wta
Maria Mateas,1329.7,1307.2,1305.4,1312.4,26,wta
Cagla Buyukakcay,1329.4,1322.2,1315.4,1229.0,36,wta
Eryn Cayetano,1328.7,1327.6,1232.8,1339.3,25,wta
Momoko Kobori,1328.3,1301.5,1202.9,1308.6,27,wta
Sofia Elena Cabezas Dominguez,1327.8,1324.7,1244.6,1338.9,24,wta
Anna Sinclair Rogers,1327.4,1296.7,1287.3,1350.4,28,wta
Gabriela Ce,1325.7,1256.6,1302.8,1310.9,33,wta
Wushuang Zheng,1324.1,1310.5,1248.1,1337.1,27,wta
Jana Kolodynska,1322.7,1318.7,1201.2,1297.5,22,wta
Gergana Topalova,1322.3,1172.7,1310.1,1326.0,25,wta
Weronika Ewald,1322.0,1278.8,1317.5,1336.0,20,wta
Elena Micic,1318.6,1291.3,1244.1,1334.3,21,wta
Maria Martinez Vaquero,1317.5,1297.4,1267.8,1333.8,24,wta
Anastasia Tikhonova,1316.7,1286.7,1311.6,1373.7,25,wta
Laura Mair,1315.3,1251.6,1331.0,1332.7,23,wta
Lucia Cortez Llorca,1312.6,1195.9,1345.7,1331.3,25,wta
Jenny Lim,1312.3,1267.3,1286.0,1331.1,21,wta
Andreea Prisacariu,1310.5,1258.3,1277.1,1330.2,25,wta
Yasmine Mansouri,1310.4,1303.2,1169.9,1330.2,24,wta
Carla Markus,1307.9,1268.9,1298.4,1328.9,19,wta
Lia Karatancheva,1307.9,1239.9,1281.5,1329.0,22,wta
Daria Lodikova,1307.8,1234.1,1301.1,1328.9,29,wta
Nahia Berecoechea,1306.6,1241.8,1294.6,1328.3,21,wta
Ekaterina Ovcharenko,1305.3,1256.4,1304.7,1327.6,25,wta
Maria Kozyreva,1304.1,1307.0,1259.9,1327.1,26,wta
Martina Colmegna,1303.4,1266.7,1291.8,1326.7,29,wta
Ekaterina Makarova,1302.2,1247.1,1279.0,1230.7,29,wta
Ipek Oz,1300.6,1309.0,1282.6,1294.3,26,wta
Manon Leonard,1299.8,1317.4,1155.4,1248.1,25,wta
Carolina Alves,1299.7,1285.0,1285.3,1276.3,30,wta
Diana Martynov,1299.6,1270.7,1271.1,1324.8,25,wta
Han Shi,1298.8,1304.6,1238.7,1315.4,20,wta
Georgia Pedone,1298.5,1161.9,1311.5,1316.5,21,wta
Martina Okalova,1297.2,1294.6,1249.8,1323.6,28,wta
Alicia Herrero Linana,1297.1,1247.1,1289.5,1323.6,27,wta
Astrid Lew Yan Foon,1296.8,1276.1,1267.9,1323.4,20,wta
Josy Daems,1296.7,1249.0,1250.6,1323.4,19,wta
Ilinca Dalina Amariei,1296.7,1218.2,1284.3,1323.4,23,wta
Aurora Zantedeschi,1295.8,1178.6,1296.0,1322.9,25,wta
Meiqi Guo,1295.7,1251.4,1274.5,1322.8,26,wta
Ella Mcdonald,1295.2,1196.8,1250.1,1349.0,20,wta
Eudice Wong Chong,1295.0,1315.7,1195.7,1397.5,29,wta
Anastasia Kulikova,1294.7,1274.9,1310.3,1305.4,26,wta
Elina Nepliy,1293.1,1263.2,1305.1,1321.6,28,wta
Tatiana Pieri,1292.9,1269.2,1265.8,1321.4,27,wta
Rasheeda Mcadoo,1292.3,1266.1,1216.1,1321.2,30,wta
Gina Marie Dittmann,1290.9,1266.2,1269.3,1320.5,23,wta
Cristina Diaz Adrover,1290.4,1217.7,1289.0,1320.2,20,wta
Carlota Martinez Cirez,1290.0,1203.2,1272.0,1301.1,25,wta
Tiphanie Fiquet,1284.8,1265.2,1276.9,1317.4,25,wta
Georgia Andreea Craciun,1283.1,1189.5,1282.6,1316.6,26,wta
Miriana Tona,1282.9,1279.3,1260.9,1316.4,31,wta
Petra Hule,1282.7,1273.1,1285.4,1255.1,26,wta
Riya Bhatia,1281.9,1221.9,1251.9,1286.8,28,wta
Bianca Elena Barbulescu,1281.5,1255.7,1251.1,1315.7,0,wta
Yasmine Kabbaj,1280.5,1273.8,1242.4,1315.3,22,wta
Madison Sieg,1279.3,1262.8,1239.4,1314.7,22,wta
Yuki Naito,1278.2,1279.9,1219.3,1283.6,25,wta
Melisa Ercan,1275.4,1288.8,1209.2,1312.7,20,wta
Denislava Glushkova,1273.9,1387.0,1249.8,1387.0,22,wta
Priska Madelyn Nugroho,1273.0,1254.6,1317.6,1386.5,22,wta
Alice Robbe,1272.4,1217.8,1329.2,1300.5,25,wta
Emily Appleton,1271.5,1226.2,1216.3,1303.3,26,wta
Urszula Radwanska,1271.4,1246.2,1323.4,1308.0,35,wta
Leonie Kung,1268.4,1297.5,1226.5,1256.0,24,wta
Ying Zhang,1268.3,1259.8,1204.7,1309.2,29,wta
Amelia Rajecki,1265.5,1222.5,1247.7,1304.4,23,wta
Ankita Raina,1264.2,1238.2,1318.5,1268.7,33,wta
Weronika Falkowska,1262.6,1263.6,1222.0,1306.3,25,wta
Lucija Ciric Bagaric,1260.9,1210.1,1258.8,1281.2,22,wta
Jasmijn Gimbrere,1258.7,1236.7,1256.6,1260.9,25,wta
Jiaqi Wang,1252.0,1237.9,1223.5,1301.0,24,wta
Ariana Arseneault,1250.7,1233.0,1210.8,1300.3,23,wta
Peangtarn Plipuech,1249.7,1251.1,1173.2,1275.1,33,wta
Ksenia Zaytseva,1248.4,1260.1,1220.0,1299.2,21,wta
Clara Vlasselaer,1245.2,1234.4,1226.3,1297.6,25,wta
Sara Cakarevic,1242.8,1204.8,1261.3,1296.4,29,wta
Jana Otzipka,1242.7,1257.0,1195.5,1296.4,21,wta
Sarah Iliev,1241.5,1230.4,1193.4,1295.8,19,wta
Eri Shimizu,1238.1,1214.9,1234.1,1300.2,27,wta
Alana Smith,1237.6,1239.6,1119.2,1286.7,26,wta
Vittoria Paganetti,1233.3,1214.0,1207.6,1291.7,19,wta
Victoria Allen,1232.6,1224.2,1231.3,1291.3,25,wta
Ikumi Yamazaki,1227.6,1222.8,1254.7,1288.8,24,wta
Antonia Schmidt,1225.8,1213.7,1162.6,1287.9,24,wta
Ayumi Koshiishi,1223.7,1213.3,1226.9,1286.9,25,wta
Marine Szostak,1223.2,1188.0,1241.3,1286.6,24,wta
Aneta Laboutkova,1220.4,1184.3,1158.6,1285.2,25,wta
Martha Matoula,1218.0,1247.6,1221.6,1359.0,29,wta
Rina Saigo,1215.9,1203.6,1184.0,1279.5,25,wta
Yaroslava Bartashevich,1215.4,1149.4,1213.6,1282.7,21,wta
Katarina Kuzmova,1214.7,1227.5,1130.9,1282.4,24,wta
Sofia Shapatava,1214.1,1199.6,1209.5,1252.4,37,wta
Valeriya Strakhova,1213.4,1125.7,1246.3,1281.7,30,wta
Victoria Hu,1213.1,1211.0,1173.6,1281.5,24,wta
Ana Candiotto,1212.9,1200.6,1192.4,1281.4,21,wta
Katerina Tsygourova,1210.9,1206.7,1195.4,1280.5,25,wta
Nicole Fossa Huergo,1209.6,1198.5,1176.4,1279.8,30,wta
Ruien Zhang,1208.1,1198.2,1219.0,1279.0,17,wta
Gabriella Da Silva Fick,1202.9,1178.0,1216.5,1276.5,25,wta
Katarina Jokic,1197.6,1175.5,1165.3,1273.8,27,wta
Verena Meliss,1197.1,1184.6,1153.6,1273.6,28,wta
Sapfo Sakellaridi,1194.1,1114.0,1201.1,1272.0,23,wta
Kristina Novak,1191.2,1204.3,1137.1,1270.6,25,wta
Lian Tran,1185.7,1207.9,1165.7,1271.0,23,wta
Arianna Zucchini,1178.5,1130.4,1171.1,1264.3,22,wta
Nika Radisic,1168.1,1178.7,1174.5,1334.0,26,wta
Chengyiyi Yuan,1164.6,1079.0,1243.2,1257.3,25,wta
Ekaterina Yashina,1154.6,1138.7,1132.5,1212.5,32,wta
Nadiia Kolb,1150.7,1134.4,1147.6,1250.3,33,wta
Demi Tran,1145.5,1202.8,1105.7,1247.8,25,wta
Carmen Lopez Martinez,1143.8,1154.9,1113.6,1246.9,20,wta
Mayuka Aikawa,1139.1,1113.0,1151.7,1244.5,27,wta
Chenting Zhu,1138.6,1120.6,1153.8,1244.3,18,wta
Ellie Schoppe,1138.1,1143.0,1159.8,1244.0,24,wta
Rinko Matsuda,1099.9,1103.4,1124.4,1194.4,21,wta
Amy Zhu,1060.9,1065.2,1102.9,1205.5,31,wta
Alba Rey Garcia,1048.1,1059.7,1075.8,1199.0,23,wta
Sara Lanca,1019.6,1003.5,1077.3,1184.8,28,wta
